{"cameraMode":{"drawMode":0,"name":"Shaded","section":"Shading Mode"},"sceneLighting":true,"audioPlay":false,"sceneViewState":{"showFog":true,"showMaterialUpdate":false,"showSkybox":true,"showFlares":true,"showImageEffects":true,"showParticleSystems":true},"in2DMode":false,"pivot":{"x":-1.2501683235168458,"y":0.3954150676727295,"z":0.14775346219539643},"rotation":{"x":-0.24111336469650269,"y":0.699155867099762,"z":-0.27424660325050356,"w":-0.6146928071975708},"size":5.693892002105713,"orthographic":false}