{"cameraMode":{"drawMode":0,"name":"Shaded","section":"Shading Mode"},"sceneLighting":true,"audioPlay":false,"sceneViewState":{"showFog":true,"showMaterialUpdate":false,"showSkybox":true,"showFlares":true,"showImageEffects":true,"showParticleSystems":true},"in2DMode":false,"pivot":{"x":-3.915799140930176,"y":-3.1262474060058595,"z":-5.541559219360352},"rotation":{"x":-0.06117565557360649,"y":0.9211864471435547,"z":-0.3486419916152954,"w":-0.1616380363702774},"size":12.478728294372559,"orthographic":false}