{"cameraMode":{"drawMode":0,"name":"Shaded","section":"Shading Mode"},"sceneLighting":true,"audioPlay":false,"sceneViewState":{"showFog":true,"showMaterialUpdate":false,"showSkybox":true,"showFlares":true,"showImageEffects":true,"showParticleSystems":true},"in2DMode":false,"pivot":{"x":1.1393616199493409,"y":-2.802353858947754,"z":-7.2697367668151859},"rotation":{"x":-0.005915843416005373,"y":0.9423379302024841,"z":-0.33419880270957949,"w":-0.01667996309697628},"size":30.604839324951173,"orthographic":false}