{"cameraMode":{"drawMode":0,"name":"Shaded","section":"Shading Mode"},"sceneLighting":true,"audioPlay":false,"sceneViewState":{"showFog":true,"showMaterialUpdate":false,"showSkybox":true,"showFlares":true,"showImageEffects":true,"showParticleSystems":true},"in2DMode":false,"pivot":{"x":-3.7728161811828615,"y":10.008382797241211,"z":-13.111640930175782},"rotation":{"x":-0.2840934097766876,"y":0.03938985615968704,"z":-0.011683180928230286,"w":-0.9579218029975891},"size":3.499999761581421,"orthographic":false}